image,title,creator,cat1,cat2,cat3,length,age,likes,dislikes
https://images.unsplash.com/photo-1632833589460-57cedcbdd66d?crop=entropy&cs=tinysrgb&fit=crop&fm=jpg&h=300&ixid=MnwxfDB8MXxyYW5kb218MHx8fHx8fHx8MTYzNDA1Njk1NA&ixlib=rb-1.2.1&q=80&w=300,Reprehenderit velit repudiandae autem doloribus vel blanditiis vel.,Elbert Borer,0.8575162881727023,0.9978381946184756,0.3443743571925044,0.37467360156086005,0.991633174056638,0.4533875985659146,0.2587448116242057
https://images.unsplash.com/photo-1631828101345-854f87a2f092?crop=entropy&cs=tinysrgb&fit=crop&fm=jpg&h=300&ixid=MnwxfDB8MXxyYW5kb218MHx8fHx8fHx8MTYzNDA1Njk1NQ&ixlib=rb-1.2.1&q=80&w=300,Voluptatem illo veniam ut unde cupiditate cupiditate quo pariatur asperiores.,Travis Wisoky V,0.28957825715403196,0.39811020249611073,0.874185077849235,0.5234955829283221,0.5723545305893849,0.5626125952721175,0.573412962391578
https://images.unsplash.com/photo-1633287387306-f08b4b3671c6?crop=entropy&cs=tinysrgb&fit=crop&fm=jpg&h=300&ixid=MnwxfDB8MXxyYW5kb218MHx8fHx8fHx8MTYzNDA1Njk1Ng&ixlib=rb-1.2.1&q=80&w=300,Aut architecto molestiae sit.,Mr. Sharon Littel,0.9106727745048084,0.26852288811505254,0.5053283184558321,0.295414514026475,0.004523849037296079,0.9513204959251362,0.3212685140881233
https://images.unsplash.com/photo-1632999864831-9e4700498f01?crop=entropy&cs=tinysrgb&fit=crop&fm=jpg&h=300&ixid=MnwxfDB8MXxyYW5kb218MHx8fHx8fHx8MTYzNDA1Njk1Nw&ixlib=rb-1.2.1&q=80&w=300,Porro voluptatum nemo vel nisi vel provident occaecati distinctio dicta.,Mr. Fannie Grant,0.07703896707898816,0.9464829805272181,0.47631509234611213,0.8906302971943294,0.9144422374506418,0.16173912933846624,0.32921130546320554
https://images.unsplash.com/photo-1633447516052-738d32689d90?crop=entropy&cs=tinysrgb&fit=crop&fm=jpg&h=300&ixid=MnwxfDB8MXxyYW5kb218MHx8fHx8fHx8MTYzNDA1Njk1OA&ixlib=rb-1.2.1&q=80&w=300,Ducimus rerum est repellat minima sit autem quidem.,Craig Kuhn,0.6131079056432336,0.8150916211783299,0.3532658918757061,0.5839653162856799,0.512755548732394,0.969164482387102,0.9356013037531168
https://images.unsplash.com/photo-1633728521018-1247b16c29a2?crop=entropy&cs=tinysrgb&fit=crop&fm=jpg&h=300&ixid=MnwxfDB8MXxyYW5kb218MHx8fHx8fHx8MTYzNDA1Njk1OQ&ixlib=rb-1.2.1&q=80&w=300,Unde molestias non omnis doloribus suscipit.,Ms. Sonja Murazik,0.06701886965417025,0.4530631961829059,0.04615287902430998,0.2855178347032401,0.21187024795312337,0.8454820696991756,0.8649783372601179
https://images.unsplash.com/photo-1632265345980-acae0fe74e12?crop=entropy&cs=tinysrgb&fit=crop&fm=jpg&h=300&ixid=MnwxfDB8MXxyYW5kb218MHx8fHx8fHx8MTYzNDA1Njk2MQ&ixlib=rb-1.2.1&q=80&w=300,Praesentium eos corporis voluptas ipsa sit qui eum.,Dana Okuneva,0.07655669307770352,0.9513683605373962,0.5906397659009779,0.9873430246852581,0.646613336399124,0.36621940347380755,0.7776911553778934
https://images.unsplash.com/photo-1632972116357-960c97af905a?crop=entropy&cs=tinysrgb&fit=crop&fm=jpg&h=300&ixid=MnwxfDB8MXxyYW5kb218MHx8fHx8fHx8MTYzNDA1Njk2Mg&ixlib=rb-1.2.1&q=80&w=300,Quis incidunt id rerum iste aliquam.,Pablo Goldner,0.12087267830705262,0.5543324146702926,0.2964469012704407,0.25337630828730795,0.976989381548782,0.33905934358056133,0.128868406716246
https://images.unsplash.com/photo-1633014044899-f59c721e7146?crop=entropy&cs=tinysrgb&fit=crop&fm=jpg&h=300&ixid=MnwxfDB8MXxyYW5kb218MHx8fHx8fHx8MTYzNDA1Njk2Mw&ixlib=rb-1.2.1&q=80&w=300,Optio ad soluta.,Mrs. Cameron Will,0.2873977719060552,0.8028341107599213,0.9737805711875178,0.7718686989211536,0.73077744607261,0.5044667719222422,0.37633590139570194
https://images.unsplash.com/photo-1633491051713-93f038e323b5?crop=entropy&cs=tinysrgb&fit=crop&fm=jpg&h=300&ixid=MnwxfDB8MXxyYW5kb218MHx8fHx8fHx8MTYzNDA1Njk2NQ&ixlib=rb-1.2.1&q=80&w=300,Rerum ullam voluptate.,Allison Brown,0.09890830150341468,0.5558621109506876,0.23766134383072246,0.9022623693478444,0.45631845993342357,0.014438339322750293,0.5361212484357636
https://images.unsplash.com/photo-1631994829913-d23040aecb36?crop=entropy&cs=tinysrgb&fit=crop&fm=jpg&h=300&ixid=MnwxfDB8MXxyYW5kb218MHx8fHx8fHx8MTYzNDA1Njk2Ng&ixlib=rb-1.2.1&q=80&w=300,Omnis sit sit minus impedit quae.,Jenny Deckow,0.07285590105297879,0.1403667593673137,0.6163881628348924,0.6067590887837562,0.09553874978556287,0.38721857965204354,0.5481007057343676
https://images.unsplash.com/photo-1632187995118-89daeb1533d7?crop=entropy&cs=tinysrgb&fit=crop&fm=jpg&h=300&ixid=MnwxfDB8MXxyYW5kb218MHx8fHx8fHx8MTYzNDA1Njk2OA&ixlib=rb-1.2.1&q=80&w=300,Et ea rerum vero perferendis impedit ipsa consequatur recusandae.,Whitney Marvin,0.40145475124399344,0.6755415529002073,0.23901712476375714,0.29118953426108063,0.6685654952243294,0.27065201331695987,0.1811030806035938
https://images.unsplash.com/photo-1633946995598-08c4e4f15af1?crop=entropy&cs=tinysrgb&fit=crop&fm=jpg&h=300&ixid=MnwxfDB8MXxyYW5kb218MHx8fHx8fHx8MTYzNDA1Njk2OQ&ixlib=rb-1.2.1&q=80&w=300,Autem sit eum reprehenderit dolores.,Salvador Raynor,0.4937199454032948,0.841885749129351,0.6047491073572893,0.9313344523521652,0.4438226246954804,0.6576813718569579,0.4483643374624078
https://images.unsplash.com/photo-1631562086675-a41c6a638008?crop=entropy&cs=tinysrgb&fit=crop&fm=jpg&h=300&ixid=MnwxfDB8MXxyYW5kb218MHx8fHx8fHx8MTYzNDA1Njk3MA&ixlib=rb-1.2.1&q=80&w=300,Libero alias pariatur.,Rudolph Leuschke,0.509749692361473,0.39710027962940364,0.03291403489828104,0.5266841552541148,0.8424338517073817,0.6525124267034101,0.08955841060338732
https://images.unsplash.com/photo-1633812006380-e5b753218a1b?crop=entropy&cs=tinysrgb&fit=crop&fm=jpg&h=300&ixid=MnwxfDB8MXxyYW5kb218MHx8fHx8fHx8MTYzNDA1Njk3Mg&ixlib=rb-1.2.1&q=80&w=300,Dolorem cumque qui saepe.,Terrance Hermiston,0.7280404621392744,0.36197590090106724,0.45210666464049365,0.4644385995094773,0.5612924745818064,0.6881595000139364,0.6210442340947901
https://images.unsplash.com/photo-1632260260864-caf7fde5ec36?crop=entropy&cs=tinysrgb&fit=crop&fm=jpg&h=300&ixid=MnwxfDB8MXxyYW5kb218MHx8fHx8fHx8MTYzNDA1Njk3Mw&ixlib=rb-1.2.1&q=80&w=300,Dolorem et adipisci esse.,Rogelio Kassulke,0.7160835981024978,0.38241258649280563,0.9041452639556873,0.4278043411160035,0.13498087622584976,0.9481887508715547,0.11213765131652709
https://images.unsplash.com/photo-1632203171982-cc0df6e9ceb4?crop=entropy&cs=tinysrgb&fit=crop&fm=jpg&h=300&ixid=MnwxfDB8MXxyYW5kb218MHx8fHx8fHx8MTYzNDA1Njk3NA&ixlib=rb-1.2.1&q=80&w=300,Sit sit ad quae hic sint blanditiis.,Gladys Ankunding,0.051808105451173425,0.8593674646868918,0.6160487285997054,0.8853478007601672,0.5860746992325099,0.5158103632907471,0.6148213815763344
https://images.unsplash.com/photo-1631464549164-db25743e54eb?crop=entropy&cs=tinysrgb&fit=crop&fm=jpg&h=300&ixid=MnwxfDB8MXxyYW5kb218MHx8fHx8fHx8MTYzNDA1Njk3Ng&ixlib=rb-1.2.1&q=80&w=300,Facere aperiam quia qui maiores harum quia.,Zachary Waters Jr.,0.7905957489506206,0.787638738114866,0.006988287931046111,0.6462276489547052,0.9643972303097001,0.04950647015685106,0.3912739299197625
https://images.unsplash.com/photo-1633665499321-6b90eac9c674?crop=entropy&cs=tinysrgb&fit=crop&fm=jpg&h=300&ixid=MnwxfDB8MXxyYW5kb218MHx8fHx8fHx8MTYzNDA1Njk3Nw&ixlib=rb-1.2.1&q=80&w=300,Aut alias possimus blanditiis in repudiandae est quia aut ea.,Woodrow Hegmann,0.4669131184952695,0.3232304160813604,0.7960306300338016,0.8980088128100296,0.6712163118637315,0.26607895370914014,0.2095600191621212
https://images.unsplash.com/photo-1633666621642-1fb0e22be392?crop=entropy&cs=tinysrgb&fit=crop&fm=jpg&h=300&ixid=MnwxfDB8MXxyYW5kb218MHx8fHx8fHx8MTYzNDA1Njk3OQ&ixlib=rb-1.2.1&q=80&w=300,Consequatur accusamus labore ut et ut magni ut labore suscipit.,Terrance Mills,0.23392704611414583,0.7475654711732418,0.21374806120483192,0.8405373538652323,0.7024004842491074,0.5371668252592028,0.5139512688639698
